{
  "project_info": {
    "project_number": "1094032759546",
    "project_id": "signup-login-realtime-aaa56",
    "storage_bucket": "signup-login-realtime-aaa56.appspot.com"
  },
  "client": [
    {
      "client_info": {
        "mobilesdk_app_id": "1:1094032759546:android:a01bfe70099159c8cc4743",
        "android_client_info": {
          "package_name": "com.example.signuploginrealtime"
        }
      },
      "oauth_client": [
        {
          "client_id": "1094032759546-l443fmi51frpffd42ccpumgtb3hut1mv.apps.googleusercontent.com",
          "client_type": 3
        }
      ],
      "api_key": [
        {
          "current_key": "AIzaSyDUigPwL_8F_wRf_K1qwJxALi5ktcKig1s"
        }
      ],
      "services": {
        "appinvite_service": {
          "other_platform_oauth_client": [
            {
              "client_id": "1094032759546-l443fmi51frpffd42ccpumgtb3hut1mv.apps.googleusercontent.com",
              "client_type": 3
            }
          ]
        }
      }
    }
  ],
  "configuration_version": "1"
}